customerID,balance,upiID
1,4010.86,gsamsonsen0@delicious.com
2,9225.47,sussher1@jimdo.com
3,5782.73,bchilcotte2@discovery.com
4,7426.19,bwhittlesea3@msn.com
5,4148.56,mavramow4@typepad.com
6,9821.59,hduggon5@twitpic.com
7,7465.17,mfrise6@sciencedirect.com
8,8653.88,ptregaskis7@weather.com
9,2567.59,pmccarter8@unicef.org
10,8225.97,ebourthoumieux9@blogtalkradio.com
11,1757.01,atraylinga@squidoo.com
12,7005.3,girwinb@moonfruit.com
13,7702.97,collandc@senate.gov
14,3747.32,skaserd@springer.com
15,5610.43,cecclestonee@google.pl
16,7066.1,pbowserf@w3.org
17,722.41,cthornewellg@parallels.com
18,3732.09,rbeinischh@businessinsider.com
19,6413.34,cinglesi@google.fr
20,1536.93,abanasevichj@usnews.com
21,7494.65,ncroucherk@sitemeter.com
22,3054.64,tgoronil@msu.edu
23,4516.68,soconnorm@digg.com
24,646.45,eklesln@yellowpages.com
25,2293.82,wfinlayo@msu.edu
26,4363.93,jstandbrookp@fda.gov
27,1573.58,dkellegherq@oakley.com
28,4793.28,sskirlinr@amazon.com
29,9211.75,wnathons@woothemes.com
30,4256.88,dtrayfordt@wordpress.com
31,8616.35,raguirreu@ucla.edu
32,5037.12,tselwoodv@stumbleupon.com
33,8190.49,ctousyw@skyrock.com
34,587.38,abruninix@gnu.org
35,8811.76,rborely@fc2.com
36,7059.61,jlattosz@mayoclinic.com
37,2862.02,fcarlon10@irs.gov
38,3738.98,gwerny11@altervista.org
39,4557.76,nsafell12@wp.com
40,7326.6,tpudney13@tuttocitta.it
41,3358.36,gupex14@shutterfly.com
42,6514.61,njanik15@edublogs.org
43,267.36,aferrulli16@friendfeed.com
44,7354.07,izellner17@mlb.com
45,3786.68,cemsley18@sun.com
46,1047.08,maitkenhead19@desdev.cn
47,1660.08,retchells1a@xing.com
48,9280.73,asparkes1b@wordpress.org
49,4577.27,lmontacute1c@slate.com
50,514.69,krheubottom1d@ezinearticles.com
51,8096.37,harnott1e@creativecommons.org
52,6660.64,pmarkson1f@apple.com
53,805.98,charget1g@nydailynews.com
54,1689.55,mlockier1h@vk.com
55,4890.34,hpaolacci1i@walmart.com
56,2330.44,nnarrie1j@independent.co.uk
57,14.07,ddory1k@spotify.com
58,4825.49,dcreavan1l@foxnews.com
59,6223.69,prising1m@surveymonkey.com
60,689.42,gdonalson1n@hubpages.com
61,4010.12,cshanley1o@buzzfeed.com
62,5465.86,odillinton1p@mapquest.com
63,6513.86,gstubbs1q@hugedomains.com
64,6639.97,ltytcomb1r@multiply.com
65,7363.7,ncleen1s@fastcompany.com
66,2531.2,rtrosdall1t@digg.com
67,2027.82,dgrayham1u@bbc.co.uk
68,4599.01,rbolwell1v@bbc.co.uk
69,9067.46,mrewcastle1w@bravesites.com
70,9025.74,gbyass1x@feedburner.com
71,3100.66,hrawstorne1y@gmpg.org
72,8769.51,gannell1z@statcounter.com
73,8441.49,fellcock20@abc.net.au
74,7042.22,naudsley21@jimdo.com
75,134.7,gstlouis22@shutterfly.com
76,2900.15,jbaal23@wsj.com
77,9277.76,pregina24@blog.com
78,5729.24,nmatissoff25@gmpg.org
79,5643.37,sdrust26@bloglines.com
80,665.56,cpeskin27@google.ca
81,108.95,cclemmett28@usnews.com
82,7826.69,jdudman29@meetup.com
83,8440.54,rwestnage2a@w3.org
84,8672.16,scater2b@scribd.com
85,5907.23,rtopp2c@squidoo.com
86,2501.42,ebeddard2d@apache.org
87,3413.55,dbrunnen2e@netlog.com
88,5454.6,gdayton2f@godaddy.com
89,170.77,jcirlos2g@oakley.com
90,1318.84,gharget2h@mail.ru
91,5058.83,mbagnold2i@webeden.co.uk
92,3416.91,gboulden2j@cdbaby.com
93,5877.06,cqueree2k@un.org
94,1689.82,cmcgeady2l@nature.com
95,3385.76,abaytrop2m@newsvine.com
96,2111.46,vbrisseau2n@addthis.com
97,6152.57,lwillimott2o@redcross.org
98,1890.13,acloake2p@xrea.com
99,1158.97,agioan2q@dailymotion.com
100,7855.88,gdineges2r@wunderground.com
101,1598.14,apywell2s@miibeian.gov.cn
102,3486.14,boriordan2t@fda.gov
103,8664.82,rmacgiany2u@hubpages.com
104,1627.69,alupton2v@opera.com
105,5058.79,pkenefick2w@posterous.com
106,2833.02,kmatonin2x@friendfeed.com
107,6129.05,eartist2y@acquirethisname.com
108,6572.24,yshreenan2z@printfriendly.com
109,4588.01,cteague30@smugmug.com
110,25.66,ggudahy31@google.co.uk
111,1031.53,gcorter32@typepad.com
112,5973.79,cknottley33@comcast.net
113,4686.98,cminchell34@state.tx.us
114,8083.83,hgras35@opensource.org
115,3722.87,cmallard36@edublogs.org
116,6688.76,tkardosstowe37@surveymonkey.com
117,5045.92,rdyet38@mediafire.com
118,6960.83,bmcgerraghty39@unc.edu
119,7268.34,mstonhard3a@buzzfeed.com
120,5973.45,bmcvicar3b@usgs.gov
121,2933.41,cduplan3c@xinhuanet.com
122,3054.14,jmccowen3d@amazon.co.jp
123,2161.18,lhaverty3e@opera.com
124,3195.45,lputt3f@skype.com
125,6739.42,tkegley3g@si.edu
126,4449.08,tmadill3h@huffingtonpost.com
127,4090.7,ggallaher3i@imgur.com
128,6145.35,jsimms3j@blogspot.com
129,8908.89,ocraney3k@angelfire.com
130,3493.89,btitchen3l@blogger.com
131,4855.88,cmckinstry3m@china.com.cn
132,2436.76,rkillford3n@baidu.com
133,6677.4,cmacgillavery3o@dailymotion.com
134,8133.31,cranklin3p@taobao.com
135,7611.94,cwaryk3q@springer.com
136,6919.27,njozefowicz3r@trellian.com
137,284.58,gsanpher3s@zdnet.com
138,9835.19,aquartermain3t@prlog.org
139,576.5,knaptin3u@ucsd.edu
140,3185,rmort3v@nba.com
141,1606.34,arawlison3w@i2i.jp
142,947.54,kread3x@wsj.com
143,4672.63,mpuncher3y@phpbb.com
144,3543.17,rchrichton3z@google.com.hk
145,5891.5,ibenwell40@arstechnica.com
146,5007.05,ksalla41@npr.org
147,7169.9,scesco42@dailymotion.com
148,768.43,bphipson43@linkedin.com
149,9764.87,dtivers44@hp.com
150,5339.89,rarghent45@google.cn
151,2110.81,eearingey46@ucsd.edu
152,1096.41,mweldrick47@goo.gl
153,2107.94,lstrowthers48@yellowbook.com
154,8267.41,fgoward49@loc.gov
155,6628.62,nrosling4a@smugmug.com
156,7915.63,gmariner4b@livejournal.com
157,6829.61,aannies4c@netscape.com
158,7502.04,bmaccarter4d@msn.com
159,2352.94,ycarsberg4e@mapy.cz
160,8094.36,flafrentz4f@wikia.com
161,9415.07,ogomar4g@pinterest.com
162,2761.83,eclague4h@mozilla.com
163,1280.36,kfoulsham4i@4shared.com
164,3481.25,preid4j@addtoany.com
165,6925.14,klanfranchi4k@microsoft.com
166,1721.44,mserfati4l@zimbio.com
167,6507.5,dregardsoe4m@angelfire.com
168,6748.61,tbagnell4n@cdc.gov
169,7701.34,dyerborn4o@cam.ac.uk
170,1847.39,zbearn4p@geocities.com
171,5130.7,mmanchester4q@hibu.com
172,973.19,jballendine4r@ocn.ne.jp
173,5300.49,mcarlill4s@linkedin.com
174,2661.34,nconstantine4t@technorati.com
175,1061.37,lfremantle4u@chronoengine.com
176,1347.56,josmon4v@buzzfeed.com
177,9143.92,hbrickhill4w@foxnews.com
178,1618.99,akalkofer4x@who.int
179,9902.19,esinkins4y@goo.ne.jp
180,8642.85,anestoruk4z@multiply.com
181,7828.84,gtosh50@soundcloud.com
182,8891.25,npohl51@simplemachines.org
183,7408.88,byve52@buzzfeed.com
184,1341.09,ccowlas53@dyndns.org
185,2418.63,bpullman54@businessweek.com
186,4768.55,afeldbaum55@smh.com.au
187,9834.57,yhearn56@dailymail.co.uk
188,6426.92,hemburey57@goodreads.com
189,7143.27,hthorwarth58@wunderground.com
190,88.6,tderisly59@i2i.jp
191,9965.96,pvenour5a@cnet.com
192,6506.39,hdyerson5b@jigsy.com
193,4903.29,whawke5c@netlog.com
194,7994.38,rmarkova5d@nba.com
195,1164.71,crylands5e@t.co
196,3084.85,cdougharty5f@printfriendly.com
197,408.78,egrestye5g@nhs.uk
198,833.87,mallcroft5h@wordpress.org
199,4786.91,ifitzsimons5i@newsvine.com
200,4990.56,kdemichetti5j@prnewswire.com
201,8240.38,bsudy5k@ocn.ne.jp
202,4055.96,jglenfield5l@usnews.com
203,8826.11,gherculson5m@businessinsider.com
204,2308.26,tuttley5n@ifeng.com
205,4452.85,hmotten5o@narod.ru
206,8596.22,cdeboo5p@diigo.com
207,3666.01,pdebullion5q@webnode.com
208,3966.45,nroulston5r@topsy.com
209,4672.52,rtruran5s@artisteer.com
210,4305.64,rbothe5t@arstechnica.com
211,7859.33,skingcote5u@home.pl
212,3615.55,ecrady5v@ed.gov
213,41.54,rkelberman5w@so-net.ne.jp
214,1745.08,tcritzen5x@reddit.com
215,7840.44,hmckyrrelly5y@t-online.de
216,7605.67,hferryn5z@ovh.net
217,9592.67,lgolding60@exblog.jp
218,3888.29,mdowglass61@berkeley.edu
219,4643.08,hcormack62@ebay.co.uk
220,3716.29,jwithnall63@dailymotion.com
221,6091.1,astormonth64@diigo.com
222,6635.63,lreynault65@amazon.com
223,6200.76,npigden66@bigcartel.com
224,5688.36,jbollini67@topsy.com
225,5655.24,bshillaker68@ning.com
226,38.44,mgrzeszczak69@constantcontact.com
227,9469.75,lroof6a@shutterfly.com
228,2797.99,nyoodall6b@weibo.com
229,1662.78,gmackro6c@spiegel.de
230,1617,kbatsford6d@globo.com
231,3468.95,mfaunt6e@domainmarket.com
232,5587.5,hwoodings6f@google.com.br
233,909.23,lverni6g@oakley.com
234,7620.87,lpaylor6h@wisc.edu
235,2880.52,coutram6i@hc360.com
236,8039.95,oalejandro6j@washingtonpost.com
237,4025.37,nmanderson6k@pagesperso-orange.fr
238,8218.72,atayler6l@posterous.com
239,508.06,tdibiagi6m@virginia.edu
240,7565.89,cwalthew6n@wp.com
241,8094.87,kbeer6o@vimeo.com
242,620.45,lraiston6p@php.net
243,7404.76,csalvadore6q@reddit.com
244,8363.5,idossett6r@goo.gl
245,3524.21,avennings6s@newsvine.com
246,8248.22,dhirth6t@guardian.co.uk
247,1020.47,dglazzard6u@wikia.com
248,9011.44,agreger6v@ebay.com
249,8383.87,mbucham6w@51.la
250,3346.63,mglyde6x@51.la
251,2587.97,jproom6y@redcross.org
252,7661.37,rsaxby6z@miitbeian.gov.cn
253,904.28,aiglesias70@mashable.com
254,5606.27,ndavidovics71@google.es
255,6014.83,epotbury72@geocities.com
256,375.17,soates73@dagondesign.com
257,6917.35,rwaddy74@cmu.edu
258,7772.29,fcurds75@godaddy.com
259,998.4,kblader76@sun.com
260,9862.16,wlavens77@economist.com
261,2602.69,vtooting78@phoca.cz
262,2556.55,mwinsbury79@nsw.gov.au
263,1390.92,ddarrigrand7a@wikipedia.org
264,2503.23,operri7b@skype.com
265,3709.11,bfonteyne7c@creativecommons.org
266,2361.41,chodges7d@hubpages.com
267,8382.27,npetrakov7e@ucla.edu
268,254.63,rstanman7f@bloomberg.com
269,4462.75,ereicherz7g@ycombinator.com
270,5495.17,hbramwich7h@hugedomains.com
271,1485.12,rsandland7i@reddit.com
272,8368.89,mhaslewood7j@addthis.com
273,6103.18,tvauls7k@cpanel.net
274,5248.75,cfodden7l@wired.com
275,2043.59,vtesdale7m@globo.com
276,5420.68,nburridge7n@bbb.org
277,2581.14,bbrome7o@wunderground.com
278,6142.06,dblackham7p@indiegogo.com
279,9561.53,ipuckham7q@businessinsider.com
280,5841.75,salgeo7r@weather.com
281,9321.65,bobispo7s@odnoklassniki.ru
282,271.8,aflay7t@dailymotion.com
283,6325.51,ypharo7u@eepurl.com
284,8324.53,rpoynter7v@over-blog.com
285,3373.06,rguerola7w@odnoklassniki.ru
286,8218.3,lfison7x@slideshare.net
287,9084.75,droback7y@earthlink.net
288,4031.05,bsherreard7z@illinois.edu
289,4448.11,ashills80@tmall.com
290,8591.03,hfysh81@blogspot.com
291,1305.65,mdelnevo82@yelp.com
292,8723.72,hcopozio83@oracle.com
293,2563.24,balexandre84@jigsy.com
294,2260.63,pscudder85@opensource.org
295,1115.68,mrudge86@google.ca
296,7375.33,lfreestone87@nature.com
297,7714.34,twallege88@bloglines.com
298,2213.75,cfurman89@github.com
299,6414.43,btibald8a@tinypic.com
300,2622.69,felders8b@cyberchimps.com
301,9833.5,cbeany8c@slate.com
302,9205.13,apattenden8d@studiopress.com
303,5644.2,tclaughton8e@angelfire.com
304,6925.13,akruse8f@senate.gov
305,1067.78,bamoore8g@infoseek.co.jp
306,5047.22,bjohantges8h@sphinn.com
307,4165.04,tpratton8i@shareasale.com
308,3700.66,kbaldacco8j@home.pl
309,3530.77,lspeedin8k@home.pl
310,8826.99,mbyforth8l@weather.com
311,2850.01,afliege8m@soup.io
312,8521.09,rlinnell8n@businessinsider.com
313,7903.39,lfolkard8o@phpbb.com
314,4362.11,rbalentyne8p@irs.gov
315,7782.57,ccorck8q@uol.com.br
316,2731.13,lstiffkins8r@soup.io
317,6976.28,ccapstake8s@odnoklassniki.ru
318,6158.12,lwatford8t@wsj.com
319,6146.69,bmenloe8u@economist.com
320,1258.32,amcmahon8v@google.com
321,720.27,nlevi8w@ibm.com
322,3852.87,apetrishchev8x@imageshack.us
323,9314.36,gpickavance8y@tinypic.com
324,6062.75,telsy8z@ucsd.edu
325,7542,htunnoch90@wiley.com
326,2790.9,ccornels91@who.int
327,198.61,pkeady92@wunderground.com
328,8609.96,chull93@miibeian.gov.cn
329,8983.51,mantognazzi94@arstechnica.com
330,3087.44,abann95@google.es
331,3275.47,hclifford96@yahoo.com
332,4932.73,rreimer97@google.pl
333,7130.28,ifarreil98@360.cn
334,8247.01,cblackader99@shop-pro.jp
335,3943.71,csantus9a@ovh.net
336,7000.83,enolleau9b@answers.com
337,7338.91,schopy9c@flavors.me
338,9952.07,rwholesworth9d@aboutads.info
339,3238.84,jwalisiak9e@weebly.com
340,6567.04,hbitten9f@princeton.edu
341,7263.84,nwalework9g@ucoz.com
342,633.26,hmontez9h@friendfeed.com
343,1932.37,wcastellanos9i@clickbank.net
344,1576.76,sgodbald9j@reuters.com
345,3432.7,tpratton9k@wordpress.org
346,4966.95,kjutson9l@yale.edu
347,5402.78,sgeerits9m@themeforest.net
348,6521.42,yaldrin9n@prnewswire.com
349,1989.93,pmcalarney9o@hud.gov
350,9609.38,srowlands9p@nasa.gov
351,3746.57,bribbens9q@nytimes.com
352,1408.32,twoodwind9r@wikipedia.org
353,3929.93,cmeardon9s@163.com
354,2450.5,jbowes9t@facebook.com
355,3918.95,pfelten9u@cbslocal.com
356,2795.17,cmarginson9v@cnn.com
357,4439.69,tduetsche9w@sourceforge.net
358,9548.93,msayers9x@imdb.com
359,311.98,fminers9y@wikimedia.org
360,521.38,iswynfen9z@miibeian.gov.cn
361,513.39,vbysha0@cpanel.net
362,9263.27,rsemerada1@nytimes.com
363,4285.52,aellistona2@yahoo.com
364,6156.39,achomicza3@miibeian.gov.cn
365,5372.69,pnelhamsa4@walmart.com
366,2330.17,kroubaya5@wikimedia.org
367,8136.87,lstablera6@topsy.com
368,7111.48,dkaspara7@hhs.gov
369,7507.34,tkainza8@lycos.com
370,2966.25,dminchellaa9@sciencedaily.com
371,8599.08,rbangiardaa@hud.gov
372,6225.88,gwyerab@icq.com
373,5486.6,dgailorac@xrea.com
374,8501.44,faggettad@wordpress.com
375,3664.28,epileae@un.org
376,1115.96,kkropaf@dagondesign.com
377,990.76,amcleeseag@cnet.com
378,2685.23,rstablesah@examiner.com
379,5293.85,baishfordai@prnewswire.com
380,8522.41,mdilworthaj@upenn.edu
381,825.91,hfroodak@state.tx.us
382,7327.84,tgowingal@hc360.com
383,7438.46,tvanthoogam@netvibes.com
384,281.4,akelcheran@topsy.com
385,8240.68,ltrimbeyao@oakley.com
386,6879.35,mstychap@flavors.me
387,1379.96,jvequaudaq@gizmodo.com
388,7311.65,sglanceyar@blog.com
389,4447.83,qvankeevas@smh.com.au
390,2090.17,rfeatherstonehaughat@bing.com
391,2523.47,mglazebrookau@soundcloud.com
392,5003.86,lverryanav@java.com
393,8596.07,pwinsparaw@lycos.com
394,9912.91,grallinax@archive.org
395,1413.19,tfruishay@mlb.com
396,3030.78,qogavenaz@amazon.co.uk
397,6875.21,erheaumeb0@cnbc.com
398,2928.99,tembertonb1@people.com.cn
399,4887.28,degleb2@dyndns.org
400,9271.11,kvokesb3@smh.com.au
401,486.13,mdotsonb4@usa.gov
402,1432.98,dcaushb5@pagesperso-orange.fr
403,1282.28,rkennhamb6@spotify.com
404,4948.8,fkienlb7@hexun.com
405,1039.7,iwhittakerb8@cdbaby.com
406,1096.8,gsclandersb9@mit.edu
407,2477.28,ialesioba@ft.com
408,2530.16,gsummerleybb@ocn.ne.jp
409,4938.99,lkelnerbc@businessinsider.com
410,1350.34,jiacopinibd@privacy.gov.au
411,1955.99,wspantonbe@webmd.com
412,6307.06,junthankbf@shop-pro.jp
413,4505.74,jtollidaybg@live.com
414,3538.62,dwillstropbh@newyorker.com
415,8350.28,sdenysbi@vimeo.com
416,3896.84,emilvarniebj@fc2.com
417,7914.16,spetchebk@liveinternet.ru
418,6516.97,kpoebl@nationalgeographic.com
419,8200.56,aprandinbm@bloglines.com
420,4827.22,cfarmiloebn@homestead.com
421,3810.14,lormshawbo@guardian.co.uk
422,9231.06,lcornelisbp@bandcamp.com
423,684.07,hdunningbq@sogou.com
424,5658.48,aallstonbr@dagondesign.com
425,3018.2,breedmanbs@walmart.com
426,8294.74,ndigiorgiobt@wired.com
427,1483.27,rfroodbu@oaic.gov.au
428,5473.57,rbreedebv@usgs.gov
429,1202.07,mromainbw@house.gov
430,6661.14,ftumilitybx@cargocollective.com
431,2874.48,wbuttressby@pagesperso-orange.fr
432,9758.63,kgarbertbz@trellian.com
433,4223.52,dhindenbergerc0@ox.ac.uk
434,7133.4,dsattefordc1@typepad.com
435,4071.12,tloriec2@theatlantic.com
436,9295.79,ctemlc3@godaddy.com
437,1279.16,ldrinkeldc4@icq.com
438,5262.07,crobillardc5@google.ru
439,6073.87,spurchonc6@webnode.com
440,50.04,jgatelandc7@ucoz.ru
441,5706.25,ehebblewhitec8@desdev.cn
442,7502.01,hbampfieldc9@ow.ly
443,7828.91,fhousiauxca@mozilla.com
444,1486.06,sortsmanncb@elegantthemes.com
445,258.39,hpenascc@go.com
446,16.28,mschoenfischcd@phoca.cz
447,7140.51,ftristramce@amazon.com
448,5371.68,bclayecf@canalblog.com
449,4656.3,rcristoforocg@statcounter.com
450,7207.49,kcanedoch@blog.com
451,3631.62,kshallci@abc.net.au
452,1560.3,ediblingcj@over-blog.com
453,5263.1,nblackallerck@bloglines.com
454,6074.61,jkettelcl@ifeng.com
455,5614.25,scancelliericm@canalblog.com
456,306.89,hponsfordcn@ameblo.jp
457,3845.63,tfierroco@flavors.me
458,6729.62,lgleavecp@aboutads.info
459,1961.76,egooddingcq@businessinsider.com
460,8862.56,wmerrettcr@reference.com
461,6602.43,gsussexcs@harvard.edu
462,1824.34,ltillertonct@lulu.com
463,6989.84,clangrancu@shinystat.com
464,1504.14,kstorescv@dmoz.org
465,1480.82,hsidebothamcw@hc360.com
466,1161.41,solechnowiczcx@bloomberg.com
467,3707.11,rcleency@redcross.org
468,8179.52,ecoltercz@washington.edu
469,9076.01,bdarracottd0@bizjournals.com
470,7457.54,bmclarensd1@ycombinator.com
471,5553.07,bdemalchard2@yahoo.co.jp
472,8377.45,hbonderd3@nydailynews.com
473,7444.13,ageald4@imgur.com
474,9560.07,dbrokenbrowd5@ibm.com
475,4884.34,vtrimbeyd6@netvibes.com
476,9515.21,egarrishd7@adobe.com
477,5306.88,rschutterd8@mtv.com
478,475.36,nabdond9@bbc.co.uk
479,6166.89,fpullinda@irs.gov
480,266.88,eoscroftdb@narod.ru
481,4969.27,askamelldc@ucoz.ru
482,434.76,kdaniellidd@mapquest.com
483,988.12,awibrowde@icio.us
484,4242.76,akaszperdf@ucoz.ru
485,7082.22,acarlemandg@dell.com
486,4991.51,hshermoredh@bandcamp.com
487,7983.45,ahubachdi@usgs.gov
488,8959.48,kplettdj@macromedia.com
489,8451.58,btuffdk@foxnews.com
490,4108,cshatforddl@google.com.br
491,2163.92,ndaniaudm@pcworld.com
492,8454.58,jjendrachdn@bluehost.com
493,8748.11,wconeaudo@altervista.org
494,978.86,hhairsinedp@vkontakte.ru
495,9393.22,pkneafseydq@amazon.co.uk
496,1752.43,gbrydelldr@patch.com
497,821.57,hdarlingds@yelp.com
498,8511.34,mhawthorndt@com.com
499,9169.16,dsweetlovedu@sakura.ne.jp
500,1966.17,hphillpsdv@google.it
